笔记ID,标题,搜索卡片可见信息,采集状态,来源链接
6ac4095c000000001a000000,🍁美到失语！加州395公路的秋天是金色的🌄,🍁美到失语！加州395公路的秋天是金色的🌄 | 野游小浪仔JerrY | 1天前 | 290,已读取并纳入,https://www.xiaohongshu.com/explore/6ac4095c000000001a000000
6ac45af700000000150088b2,395赏秋｜第三站 Little Lakes Valley Trail,395赏秋｜第三站 Little Lakes Valley Trail | 爱摄影的Wendy | 1天前 | 9,已读取并纳入,https://www.xiaohongshu.com/explore/6ac45af700000000150088b2
68ee4c3400000000070096e1,加州395赏秋🍂🍁,加州395赏秋🍂🍁 | JourneyThroughLens | 2025-10-14 | 104,未打开；可见日期为往年,https://www.xiaohongshu.com/explore/68ee4c3400000000070096e1
6ac482c3000000001901d000,开进395世界级秋色—p1,开进395世界级秋色—p1 | ChrisShan_OvO | 1天前 | 49,已读取并纳入,https://www.xiaohongshu.com/explore/6ac482c3000000001901d000
6ac49c23000000000200d2f0,2026.10.4｜加州395的秋色已进入最佳赏味期,2026.10.4｜加州395的秋色已进入最佳赏味期 | Mayayay- | 1天前 | 75,已读取并纳入,https://www.xiaohongshu.com/explore/6ac49c23000000000200d2f0
6abab9b8000000000e03f000,[满]10/16-18周末去395赏秋,[满]10/16-18周末去395赏秋 | Annnn✨ | 09-29 | 23,未打开；组队／计划或较早内容，范围未穷尽,https://www.xiaohongshu.com/explore/6abab9b8000000000e03f000
6ac57be4000000001301ac1c,南湾自驾 395 2天1晚闭眼冲,南湾自驾 395 2天1晚闭眼冲 | 半斤 | 昨天 08:09 | 46,已读取并纳入,https://www.xiaohongshu.com/explore/6ac57be4000000001301ac1c
6ac07796000000000e03f400,395赏秋2026.10.02快报：Bishop正值Peak,395赏秋2026.10.02快报：Bishop正值Peak | Peach🌈 | 4天前 | 65,已读取并纳入,https://www.xiaohongshu.com/explore/6ac07796000000000e03f400
6ac326a6000000001a027431,🍁加州395号公路｜金秋自驾路线,🍁加州395号公路｜金秋自驾路线 | 结棍 | 2天前 | 53,已读取并纳入,https://www.xiaohongshu.com/explore/6ac326a6000000001a027431
6ac32925000000001a000000,用全屏图打开395赏秋之路🍁,用全屏图打开395赏秋之路🍁 | 2mi | 2天前 | 37,已读取并纳入,https://www.xiaohongshu.com/explore/6ac32925000000001a000000
6ac48fdd000000001a027269,加州秋天的395很值得去🍂,加州秋天的395很值得去🍂 | lilytravel | 1天前 | 19,已读取并纳入,https://www.xiaohongshu.com/explore/6ac48fdd000000001a027269
6abc7f5f000000000f03a800,加州395赏秋 Day3 此行MVP已诞生,加州395赏秋 Day3 此行MVP已诞生 | 霖.皇甫傲傲天.宝 | 09-30 | 144,已读取并纳入,https://www.xiaohongshu.com/explore/6abc7f5f000000000f03a800
6ac4544d000000001a0336f3,加州395最佳赏味期🍂,加州395最佳赏味期🍂 | Salmonunique | 1天前 | 159,已读取并纳入,https://www.xiaohongshu.com/explore/6ac4544d000000001a0336f3
68ed754a0000000007032ddd,湾区周末395赏秋最佳路线Day 1,湾区周末395赏秋最佳路线Day 1 | 芙蕾酱 | 2025-10-14 | 56,未打开；可见日期为往年,https://www.xiaohongshu.com/explore/68ed754a0000000007032ddd
6ac54be600000000150053dd,加州395公路｜McGee Creek十月赏秋攻略🍂,加州395公路｜McGee Creek十月赏秋攻略🍂 | 头姐与腿哥 | 1天前 | 32,已读取并纳入,https://www.xiaohongshu.com/explore/6ac54be600000000150053dd
6ac0b4e2000000001301bd02,10/09-10/11 湾区秋景自驾游,10/09-10/11 湾区秋景自驾游 | Yupi | 4天前 | 20,未打开；组队／计划或较早内容，范围未穷尽,https://www.xiaohongshu.com/explore/6ac0b4e2000000001301bd02
6ac2fa28000000000100b6b3,美西自驾-10.4加州395秋色正浓已peak！,美西自驾-10.4加州395秋色正浓已peak！ | 吉吉酱酱 | 2天前 | 24,已读取并纳入,https://www.xiaohongshu.com/explore/6ac2fa28000000000100b6b3
6ac5c3f40000000014010587,湾区出发395公路赏秋摇人,湾区出发395公路赏秋摇人 | Summer随便走走 | 昨天 12:00 | 10,未打开；组队／计划或较早内容，范围未穷尽,https://www.xiaohongshu.com/explore/6ac5c3f40000000014010587
6ac1e3ea0000000005006c00,395的秋天🍂,395的秋天🍂 | 2mi | 3天前 | 33,已读取并纳入,https://www.xiaohongshu.com/explore/6ac1e3ea0000000005006c00
6ac1ea0400000000180129a0,加州395高速快报2026.10.03,加州395高速快报2026.10.03 | 可爱墩a | 3天前 | 60,已读取并纳入,https://www.xiaohongshu.com/explore/6ac1ea0400000000180129a0
68f329a600000000040134a5,加州CA-395公路湾区周末独行追秋🍁,加州CA-395公路湾区周末独行追秋🍁 | Giraffer_ | 2025-10-19 | 115,未打开；可见日期为往年,https://www.xiaohongshu.com/explore/68f329a600000000040134a5
6ab6254c000000000e03c000,395最美秋叶时节赏秋 10/10-11Peak Season,395最美秋叶时节赏秋 10/10-11Peak Season | bomomobo | 09-25 | 65,已读取，仅组队排除,https://www.xiaohongshu.com/explore/6ab6254c000000000e03c000
6ac1355a000000001402e6c6,加州395公路秋景实况，太夯了！,加州395公路秋景实况，太夯了！ | Carol的旅行记录 | 4天前 | 59,已读取并纳入,https://www.xiaohongshu.com/explore/6ac1355a000000001402e6c6
6aa189880000000026014623,395赏秋时间预测 2026,395赏秋时间预测 2026 | 雪糕 | 09-10 | 83,未打开；组队／计划或较早内容，范围未穷尽,https://www.xiaohongshu.com/explore/6aa189880000000026014623
6ab0be3a000000003302eb60,加州“川藏线” 395 号公路实拍,加州“川藏线” 395 号公路实拍 | Jasmine 在美国Gap | 09-21 | 54,已读取并纳入,https://www.xiaohongshu.com/explore/6ab0be3a000000003302eb60
6abb66cc000000000a01f69c,有人愿意去395赏秋cos野人吗,有人愿意去395赏秋cos野人吗 | obliviate | 09-29 | 13,未打开；组队／计划或较早内容，范围未穷尽,https://www.xiaohongshu.com/explore/6abb66cc000000000a01f69c
6a84e59b000000000e03f400,395公路赏秋,395公路赏秋 | purplerain | 08-19 | 31,未打开；组队／计划或较早内容，范围未穷尽,https://www.xiaohongshu.com/explore/6a84e59b000000000e03f400
68f515290000000004020be6,加州油画般的秋天395公路,加州油画般的秋天395公路 | 是DeiDei鸭 | 2025-10-20 | 113,未打开；可见日期为往年,https://www.xiaohongshu.com/explore/68f515290000000004020be6
6ac5d2a5000000001c00ed2c,395已经peak 答应我，周末一脚油门来看🍂,395已经peak 答应我，周末一脚油门来看🍂 | Yumi | 昨天 13:36 | 48,已读取并纳入,https://www.xiaohongshu.com/explore/6ac5d2a5000000001c00ed2c
6ac3e690000000000a026553,加州395号公路的秋🍂给到夯！（含攻略）,加州395号公路的秋🍂给到夯！（含攻略） | 子卡酱 | 2天前 | 18,已读取并纳入,https://www.xiaohongshu.com/explore/6ac3e690000000000a026553
6ab82ce6000000001b01e93e,2026年I395秋色Peak时间,2026年I395秋色Peak时间 | momo | 09-27 | 12,已读取并纳入,https://www.xiaohongshu.com/explore/6ab82ce6000000001b01e93e
6abc4b4b000000001500d957,加州395 Road trip（秋日限定）,加州395 Road trip（秋日限定） | coolsyn | 09-30 | 206,已读取并纳入,https://www.xiaohongshu.com/explore/6abc4b4b000000001500d957
68ec6449000000000703a7cd,第一张，Hot creek终于亲自拍到了,第一张，Hot creek终于亲自拍到了 | 洛杉矶的熟叔 | 2025-10-13 | 43,未打开；可见日期为往年,https://www.xiaohongshu.com/explore/68ec6449000000000703a7cd
6ac16982000000001403a90e,[已满]湾区出发 10/10-11 395,[已满]湾区出发 10/10-11 395 | 啊这这这 | 昨天 10:07 | 4,未打开；组队／计划或较早内容，范围未穷尽,https://www.xiaohongshu.com/explore/6ac16982000000001403a90e
68edef750000000007033748,秋天的395公路，震撼到每帧都可以当壁纸🍂,秋天的395公路，震撼到每帧都可以当壁纸🍂 | 左藍 | 2025-10-14 | 54,未打开；可见日期为往年,https://www.xiaohongshu.com/explore/68edef750000000007033748
6ac48f3b000000001500d129,395公路｜一路看遍加州秋景,395公路｜一路看遍加州秋景 | 一闪一闪亮晶晶 | 2小时前 | 57,已读取并纳入,https://www.xiaohongshu.com/explore/6ac48f3b000000001500d129
6ab371cb000000001802f5d8,🍂 395公路赏秋之旅②｜一路都是“地球的奇观”,🍂 395公路赏秋之旅②｜一路都是“地球的奇观” | 爱吃薯片的牛 | 09-27 | 136,已读取并纳入,https://www.xiaohongshu.com/explore/6ab371cb000000001802f5d8
6ac3468d000000000b00429a,🍁 UCB出发｜395号公路赏秋 + 徒步｜找1男,🍁 UCB出发｜395号公路赏秋 + 徒步｜找1男 | 魚子君三太子 | 2天前 | 3,未打开；组队／计划或较早内容，范围未穷尽,https://www.xiaohongshu.com/explore/6ac3468d000000000b00429a
6ac571a2000000001a000c00,一场395公路的旅行，走进了地理教科书,一场395公路的旅行，走进了地理教科书 | 韵 | 1天前 | 5,已读取并纳入,https://www.xiaohongshu.com/explore/6ac571a2000000001a000c00
68edbcab0000000003035025,395赏秋｜big pine lakes,395赏秋｜big pine lakes | 红萝卜炖白萝卜 | 2025-10-14 | 16,未打开；可见日期为往年,https://www.xiaohongshu.com/explore/68edbcab0000000003035025
6abeeec3000000001b022ca3,加州备忘录🍊,加州备忘录🍊 | Jessie三三 | 5天前 | 37,已读取并纳入,https://www.xiaohongshu.com/explore/6abeeec3000000001b022ca3
6ac30b0b0000000019025800,395自驾摇人,395自驾摇人 | Lyra的学习生活 | 2天前 | 4,未打开；组队／计划或较早内容，范围未穷尽,https://www.xiaohongshu.com/explore/6ac30b0b0000000019025800
68e8828f00000000040015aa,395号公路赏秋路线野温泉合集 ♨️,395号公路赏秋路线野温泉合集 ♨️ | 斯纳的美食日志 | 2025-10-12 | 112,未打开；可见日期为往年,https://www.xiaohongshu.com/explore/68e8828f00000000040015aa
6ac5acfb000000001b0205b0,加州395公路的秋🍂——夯！,加州395公路的秋🍂——夯！ | 圈圈 | 昨天 10:22 | 9,已读取并纳入,https://www.xiaohongshu.com/explore/6ac5acfb000000001b0205b0
6ab48eeb000000000f03a000,🍂 10.10-11｜湾区出发，395追秋,🍂 10.10-11｜湾区出发，395追秋 | Adam | 09-24 | 125,未打开；组队／计划或较早内容，范围未穷尽,https://www.xiaohongshu.com/explore/6ab48eeb000000000f03a000
68e998430000000007022bcc,395赏秋衣食住行，懒得做功课的进👆🏻,395赏秋衣食住行，懒得做功课的进👆🏻 | 不会飞的石头2116 | 2025-10-11 | 194,未打开；可见日期为往年,https://www.xiaohongshu.com/explore/68e998430000000007022bcc
6ab488ef000000000f03a000,加州395公路｜赏秋地图来啦🗺️🍁,加州395公路｜赏秋地图来啦🗺️🍁 | 🥑 | 09-24 | 102,已读取并纳入,https://www.xiaohongshu.com/explore/6ab488ef000000000f03a000
68ec07f8000000000703bd80,10/12 US395速报 - 想去的要抓紧了,10/12 US395速报 - 想去的要抓紧了 | J.Z_Photo | 2025-10-13 | 107,未打开；可见日期为往年,https://www.xiaohongshu.com/explore/68ec07f8000000000703bd80
68c94aff000000000e00e47d,加州秋天去哪玩？395号公路是天花板级别的！,加州秋天去哪玩？395号公路是天花板级别的！ | 布鲁斯环西游记 | 2025-09-16 | 149,未打开；可见日期为往年,https://www.xiaohongshu.com/explore/68c94aff000000000e00e47d
6aa8a1dc0000000028031c76,赏秋Tioga pass + 395公路,赏秋Tioga pass + 395公路 | 正在脚下 | 09-15 | 32,未打开；组队／计划或较早内容，范围未穷尽,https://www.xiaohongshu.com/explore/6aa8a1dc0000000028031c76
690cfe310000000004029d60,加州395号公路的秋色,加州395号公路的秋色 | yl42 | 2025-11-07 | 20,未打开；可见日期为往年,https://www.xiaohongshu.com/explore/690cfe310000000004029d60
6ac53ad1000000000b004948,中国人是真能飞✨,中国人是真能飞✨ | 🐠摆摆 | 1天前 | 26,已读取并纳入,https://www.xiaohongshu.com/explore/6ac53ad1000000000b004948
68e4b7350000000007000bd4,395地表最强攻略,395地表最强攻略 | 加卤蛋吗 | 2025-10-08 | 273,未打开；可见日期为往年,https://www.xiaohongshu.com/explore/68e4b7350000000007000bd4
6aa9fbe6000000001203cca1,2026加州赏秋自驾时间表🍁,2026加州赏秋自驾时间表🍁 | 徐聪说 | 09-16 | 277,未打开；组队／计划或较早内容，范围未穷尽,https://www.xiaohongshu.com/explore/6aa9fbe6000000001203cca1
68db1caa000000000e027b9b,395 + Saline valley 摇人,395 + Saline valley 摇人 | 臭鱼烂虾 | 2025-09-30 | 62,未打开；可见日期为往年,https://www.xiaohongshu.com/explore/68db1caa000000000e027b9b
6abb1cfd000000000f03a000,Mammoth Lakes US395 Day2,Mammoth Lakes US395 Day2 | 霖.皇甫傲傲天.宝 | 09-29 | 13,已读取并纳入,https://www.xiaohongshu.com/explore/6abb1cfd000000000f03a000
6abdd5aa000000000f039c00,加州395赏秋2026.9.30快报,加州395赏秋2026.9.30快报 | Peach🌈 | 6天前 | 68,已读取并纳入,https://www.xiaohongshu.com/explore/6abdd5aa000000000f039c00
68edd69e000000000703aa82,🍁 California 395 秋色公路,🍁 California 395 秋色公路 | 🌞 Scarlett 🌞 | 2025-10-14 | 21,未打开；可见日期为往年,https://www.xiaohongshu.com/explore/68edd69e000000000703aa82
6ac57859000000001a000c00,找人一起去 395 赏秋,找人一起去 395 赏秋 | 阿祖你收手吧 | 1天前 | 2,未打开；组队／计划或较早内容，范围未穷尽,https://www.xiaohongshu.com/explore/6ac57859000000001a000c00
6ac4872f0000000019038400,CA-395 秋天之外,CA-395 秋天之外 | ChrisShan_OvO | 1天前 | 43,已读取并纳入,https://www.xiaohongshu.com/explore/6ac4872f0000000019038400
68e1d46c00000000040057f9,10/04/2025 395公路前方战报！PEAK!,10/04/2025 395公路前方战报！PEAK! | 豆豆✨ | 2025-10-05 | 64,未打开；可见日期为往年,https://www.xiaohongshu.com/explore/68e1d46c00000000040057f9
68e64b8d0000000003020f00,加州395公路赏秋🍂 月色下的山野温泉,加州395公路赏秋🍂 月色下的山野温泉 | Regina | 2025-10-09 | 25,未打开；可见日期为往年,https://www.xiaohongshu.com/explore/68e64b8d0000000003020f00
6ab4d15e0000000018039006,🍂 395公路赏秋之旅③｜误入“公园年票封面”,🍂 395公路赏秋之旅③｜误入“公园年票封面” | 爱吃薯片的牛 | 09-27 | 50,已读取并纳入,https://www.xiaohongshu.com/explore/6ab4d15e0000000018039006
6911a4b400000000050115f5,全屏版395公路的秋天白桦梦境,全屏版395公路的秋天白桦梦境 | 黑白猫 ISO64 | 2025-11-18 | 63,未打开；可见日期为往年,https://www.xiaohongshu.com/explore/6911a4b400000000050115f5
6abca68c000000000e03c800,🚂湾区出发｜带小娃的395秋色自驾秋色攻略,🚂湾区出发｜带小娃的395秋色自驾秋色攻略 | 阿傅 | 09-30 | 61,已读取并纳入,https://www.xiaohongshu.com/explore/6abca68c000000000e03c800
68ec89ef00000000070365ea,加州395公路mammotn lake已经完全peak,加州395公路mammotn lake已经完全peak | 咪猫姐姐 | 2025-10-13 | 40,未打开；可见日期为往年,https://www.xiaohongshu.com/explore/68ec89ef00000000070365ea
6913ee94000000000302c9eb,湾区周末｜绝美的Eastern Sierra秋日自驾 🍂,湾区周末｜绝美的Eastern Sierra秋日自驾 🍂 | 飞行熊猫 | 2025-11-17 | 66,未打开；可见日期为往年,https://www.xiaohongshu.com/explore/6913ee94000000000302c9eb
68dfe79a000000000701476e,加州395赏秋篇｜2025十月实况,加州395赏秋篇｜2025十月实况 | 到处溜达 | 2025-10-03 | 148,未打开；可见日期为往年,https://www.xiaohongshu.com/explore/68dfe79a000000000701476e
6ac60d480000000014002aff,休假结束🔚带着我的美西风景照来了,休假结束🔚带着我的美西风景照来了 | Jessica在路上 | 昨天 17:13 | 8,已读取并纳入,https://www.xiaohongshu.com/explore/6ac60d480000000014002aff
6abc92fe000000000e03f400,395 赏秋,395 赏秋 | happy～kkkk | 2天前 | 10,已读取并纳入,https://www.xiaohongshu.com/explore/6abc92fe000000000e03f400
68e2066b000000000503260f,395秋景实况|十月加州在飘雪,395秋景实况|十月加州在飘雪 | 小翟不宅 | 2025-10-12 | 140,未打开；可见日期为往年,https://www.xiaohongshu.com/explore/68e2066b000000000503260f
68eae07b0000000004001f53,10/18周末395，湾区出发,10/18周末395，湾区出发 | Peach🌈 | 2025-10-12 | 3,未打开；可见日期为往年,https://www.xiaohongshu.com/explore/68eae07b0000000004001f53
6ac5c32300000000180069ac,Mammoth lakes 6湖散步游,Mammoth lakes 6湖散步游 | T__T | 昨天 11:57 | 2,已读取并纳入,https://www.xiaohongshu.com/explore/6ac5c32300000000180069ac
6ac1fe8c000000000a02579a,加州395秋色正当时,加州395秋色正当时 | Alpha | 3天前 | 37,已读取并纳入,https://www.xiaohongshu.com/explore/6ac1fe8c000000000a02579a
6910189e000000000301d444,395赏秋泡温泉,395赏秋泡温泉 | 苏老猫猫猫猫 | 2025-11-09 | 11,未打开；可见日期为往年,https://www.xiaohongshu.com/explore/6910189e000000000301d444
6ac4bab00000000019038800,North Lake 秋色正佳,North Lake 秋色正佳 | Avalon | 1天前 | 29,已读取并纳入,https://www.xiaohongshu.com/explore/6ac4bab00000000019038800
68ff097f000000000700225b,在加州追逐秋叶，不止是 395,在加州追逐秋叶，不止是 395 | Felix | 2025-10-27 | 35,未打开；可见日期为往年,https://www.xiaohongshu.com/explore/68ff097f000000000700225b
68e705820000000004002f37,🍂395公路加州梦幻秋色路线🍁三天两夜攻略,🍂395公路加州梦幻秋色路线🍁三天两夜攻略 | 斯纳的美食日志 | 2025-10-12 | 268,未打开；可见日期为往年,https://www.xiaohongshu.com/explore/68e705820000000004002f37
6ab85f4c000000001400fde3,395 赏秋,395 赏秋 | Kaisssss | 09-27 | 37,已读取并纳入,https://www.xiaohongshu.com/explore/6ab85f4c000000001400fde3
6ac313f9000000001203f72f,395赏秋｜2026/10/04 GO NOW,395赏秋｜2026/10/04 GO NOW | 肚子鳄 样子困 | 2天前 | 15,已读取并纳入,https://www.xiaohongshu.com/explore/6ac313f9000000001203f72f
690a6dc2000000000300d971,395赏秋｜Rock Creek Lake 偶遇钓鱼佬🎣,395赏秋｜Rock Creek Lake 偶遇钓鱼佬🎣 | 竹淡刻骨 | 2025-11-05 | 8,未打开；可见日期为往年,https://www.xiaohongshu.com/explore/690a6dc2000000000300d971
6abfe7ee000000001a020995,前往 395 公路赏秋第一天,前往 395 公路赏秋第一天 | nono在找房 | 5天前 | 23,已读取并纳入,https://www.xiaohongshu.com/explore/6abfe7ee000000001a020995
68f830fd0000000004028cc1,雪后的395公路超神了,雪后的395公路超神了 | 杉柏椽 | 2025-10-22 | 99,未打开；可见日期为往年,https://www.xiaohongshu.com/explore/68f830fd0000000004028cc1
690852ee000000000301fed2,395公路的金色白桦梦境和高山湖,395公路的金色白桦梦境和高山湖 | 黑白猫 ISO64 | 2025-11-18 | 89,未打开；可见日期为往年,https://www.xiaohongshu.com/explore/690852ee000000000301fed2
6abc7e18000000000f03a400,初秋Highway 395+Sequoia,初秋Highway 395+Sequoia | 小红薯6436C68B | 09-30 | 15,已读取并纳入,https://www.xiaohongshu.com/explore/6abc7e18000000000f03a400
68efd91a000000000500100a,395-Mammoth-Yosemite-Sequoia赏秋路线,395-Mammoth-Yosemite-Sequoia赏秋路线 | 四只毛孩子 | 2025-10-16 | 19,未打开；可见日期为往年,https://www.xiaohongshu.com/explore/68efd91a000000000500100a
68e2b59d000000000300dd6e,395赏秋,395赏秋 | XWZ | 2025-10-06 | 64,未打开；可见日期为往年,https://www.xiaohongshu.com/explore/68e2b59d000000000300dd6e
6ac48679000000001901cc00,395赏秋 我们来啦！,395赏秋 我们来啦！ | 圈圈儿 | 1天前 | 39,已读取并纳入,https://www.xiaohongshu.com/explore/6ac48679000000001901cc00
6abbd54c000000000e03f000,十月第二个周末湾区出发,十月第二个周末湾区出发 | 小红薯6ABC74AD | 09-29 | 赞,已读取，仅组队排除,https://www.xiaohongshu.com/explore/6abbd54c000000000e03f000
68ec59f10000000005000e35,🇺🇸 国庆美西游 · 395公路秋色路线,🇺🇸 国庆美西游 · 395公路秋色路线 | 一一 | 2025-10-13 | 3,未打开；可见日期为往年,https://www.xiaohongshu.com/explore/68ec59f10000000005000e35
6ac31a1f000000000a026be9,加州395号公路赏秋迫在眉睫！,加州395号公路赏秋迫在眉睫！ | 复杂的小曾同学 | 2天前 | 9,已读取并纳入,https://www.xiaohongshu.com/explore/6ac31a1f000000000a026be9
6abb0472000000001c02c169,10月395公路赏秋,10月395公路赏秋 | Edward Elric | 09-29 | 6,已读取，仅组队排除,https://www.xiaohongshu.com/explore/6abb0472000000001c02c169
68dddada0000000004023d5f,运气爆炸💥美的不像话！,运气爆炸💥美的不像话！ | 极速拍档-Berlin | 2025-10-02 | 247,未打开；可见日期为往年,https://www.xiaohongshu.com/explore/68dddada0000000004023d5f
68e2a22b000000000700b085,🐶走了4万步，人开了七个钟头,🐶走了4万步，人开了七个钟头 | 边牧Tubi和她的爸爸们 | 2025-10-06 | 123,未打开；可见日期为往年,https://www.xiaohongshu.com/explore/68e2a22b000000000700b085
6ac0a9b3000000001c00f2da,加州 395 公路10.2 绝美金秋,加州 395 公路10.2 绝美金秋 | nono在找房 | 4天前 | 34,已读取并纳入,https://www.xiaohongshu.com/explore/6ac0a9b3000000001c00f2da
6ab21d58000000003303f084,🍂 395公路赏秋之旅①｜从洛杉矶一路向北,🍂 395公路赏秋之旅①｜从洛杉矶一路向北 | 爱吃薯片的牛 | 09-27 | 75,已读取并纳入,https://www.xiaohongshu.com/explore/6ab21d58000000003303f084
68eb75ce000000000302348e,加州395公路赏秋🍂 Lake Sabrina,加州395公路赏秋🍂 Lake Sabrina | Regina | 2025-10-12 | 17,未打开；可见日期为往年,https://www.xiaohongshu.com/explore/68eb75ce000000000302348e
6ac49e460000000019038400,395 Big Pine Lakes 找徒步搭子,395 Big Pine Lakes 找徒步搭子 | MEi 羙 | 1天前 | 5,未打开；组队／计划或较早内容，范围未穷尽,https://www.xiaohongshu.com/explore/6ac49e460000000019038400
6abc6af2000000001802c8b3,加州395 赏秋路线计划 10.1-10.4,加州395 赏秋路线计划 10.1-10.4 | nono在找房 | 09-30 | 45,已读取并纳入,https://www.xiaohongshu.com/explore/6abc6af2000000001802c8b3
6ac06d780000000014039fdf,加州395高速秋景快报2026.10.02,加州395高速秋景快报2026.10.02 | 可爱墩a | 4天前 | 65,已读取并纳入,https://www.xiaohongshu.com/explore/6ac06d780000000014039fdf
6ab9cafa000000001500f8d7,秋日 395,秋日 395 | Mz | 09-28 | 41,已读取并纳入,https://www.xiaohongshu.com/explore/6ab9cafa000000001500f8d7
68eda38f000000000300f946,395赏秋,395赏秋 | 红萝卜炖白萝卜 | 2025-10-14 | 8,未打开；可见日期为往年,https://www.xiaohongshu.com/explore/68eda38f000000000300f946
68f1d35d0000000005031fa6,加州395 优胜美地赏秋🍂,加州395 优胜美地赏秋🍂 | 坑及 | 2025-10-21 | 11,未打开；可见日期为往年,https://www.xiaohongshu.com/explore/68f1d35d0000000005031fa6
68e87b86000000000700f456,如何呢？又能怎？395 North Lake错误示范❌,如何呢？又能怎？395 North Lake错误示范❌ | 不会飞的石头2116 | 2025-10-10 | 17,未打开；可见日期为往年,https://www.xiaohongshu.com/explore/68e87b86000000000700f456
68f6f673000000000303a9a0,395|看看谁捕捉到了秋天🍂,395|看看谁捕捉到了秋天🍂 | Allen小迷糊 | 2025-10-22 | 224,未打开；可见日期为往年,https://www.xiaohongshu.com/explore/68f6f673000000000303a9a0
68f07d02000000000302ccca,如夏花般绚烂，如秋叶之静美（全屏欣赏395秋）,如夏花般绚烂，如秋叶之静美（全屏欣赏395秋） | GoodDodo | 2025-10-16 | 23,未打开；可见日期为往年,https://www.xiaohongshu.com/explore/68f07d02000000000302ccca
68f879530000000004017c82,梦中情湖来多少次都不厌,梦中情湖来多少次都不厌 | 花和旅朋友 | 2025-10-22 | 29,未打开；可见日期为往年,https://www.xiaohongshu.com/explore/68f879530000000004017c82
68e2ea6a00000000050389ce,全屏封神挑战|加州395秋景一网打尽,全屏封神挑战|加州395秋景一网打尽 | 小翟不宅 | 2025-10-12 | 71,未打开；可见日期为往年,https://www.xiaohongshu.com/explore/68e2ea6a00000000050389ce
68e6a0b30000000004000594,395不虚此行,395不虚此行 | Argument | 2025-10-09 | 22,未打开；可见日期为往年,https://www.xiaohongshu.com/explore/68e6a0b30000000004000594
68ec1a1300000000070037de,395 McGee Creek 赏秋正是时候！,395 McGee Creek 赏秋正是时候！ | 🍭 Troy🍭 | 2025-10-13 | 26,未打开；可见日期为往年,https://www.xiaohongshu.com/explore/68ec1a1300000000070037de
68e76759000000000303763c,加州395公路赏秋🍂 North Lake,加州395公路赏秋🍂 North Lake | Regina | 2025-10-09 | 15,未打开；可见日期为往年,https://www.xiaohongshu.com/explore/68e76759000000000303763c
6ab7b49c0000000018012220,🇺🇸395号公路｜追秋色追进了消防局,🇺🇸395号公路｜追秋色追进了消防局 | 西里瑞思 | 09-26 | 17,已读取并纳入,https://www.xiaohongshu.com/explore/6ab7b49c0000000018012220
68e5f3ba0000000004010527,395公路的绝美深秋,395公路的绝美深秋 | 萨萨爱旅游 | 2025-10-08 | 60,未打开；可见日期为往年,https://www.xiaohongshu.com/explore/68e5f3ba0000000004010527
68e7231c000000000700d4ad,二刷395 lake sabrina 美出新高度🍂,二刷395 lake sabrina 美出新高度🍂 | a1ex | 2025-10-09 | 41,未打开；可见日期为往年,https://www.xiaohongshu.com/explore/68e7231c000000000700d4ad
68f31a7800000000050011cb,加州395赏秋[1] mono lake,加州395赏秋[1] mono lake | 买鞋狂魔阿白 | 2025-10-18 | 13,未打开；可见日期为往年,https://www.xiaohongshu.com/explore/68f31a7800000000050011cb
68f3d7a80000000005038fb1,加州395公路的秋天Mammoth Lakes,加州395公路的秋天Mammoth Lakes | 是DeiDei鸭 | 2025-10-19 | 127,未打开；可见日期为往年,https://www.xiaohongshu.com/explore/68f3d7a80000000005038fb1
6ac0870500000000140125f0,10/2 加州395 Bishop 秋景 peak,10/2 加州395 Bishop 秋景 peak | Lui4D61 | 4天前 | 25,已读取并纳入,https://www.xiaohongshu.com/explore/6ac0870500000000140125f0
68e08a8d0000000007033dc1,10.03 395 Bishop赏秋速报,10.03 395 Bishop赏秋速报 | 一粒芝麻 | 2025-10-04 | 44,未打开；可见日期为往年,https://www.xiaohongshu.com/explore/68e08a8d0000000007033dc1
68fa846a00000000040150a6,10.19 -395前方战报,10.19 -395前方战报 | Momo_Momo | 2025-10-24 | 16,未打开；可见日期为往年,https://www.xiaohongshu.com/explore/68fa846a00000000040150a6
6ac26b0f000000001b032eef,加州395公路赏秋记—Day1,原 HTML 引用,已读取并纳入,https://www.xiaohongshu.com/explore/6ac26b0f000000001b032eef
6ac309500000000018004242,加州395公路的孤独星球,原 HTML 引用,已读取并纳入,https://www.xiaohongshu.com/explore/6ac309500000000018004242
6ac1825f000000001403b6af,US-395 Eastern Sierra 一路追湖,原 HTML 引用,已读取并纳入,https://www.xiaohongshu.com/explore/6ac1825f000000001403b6af
6ac34583000000001801b992,加州395公路赏秋&露营之旅,原 HTML 引用,已读取并纳入,https://www.xiaohongshu.com/explore/6ac34583000000001801b992
6a67a9590000000001003359,Mammoth lakes 两天一晚攻略（Limelight / Toomey's）,原 HTML 引用,已读取并纳入,https://www.xiaohongshu.com/explore/6a67a9590000000001003359
6ac4fd64000000001500a8db,猛犸湖两晚住宿｜拍照机位+导航路线,原 HTML 引用,已读取并纳入,https://www.xiaohongshu.com/explore/6ac4fd64000000001500a8db
6ac5e25d000000001a021d1f,没想到美西此行最爱的会是猛犸湖,原 HTML 引用,已读取并纳入,https://www.xiaohongshu.com/explore/6ac5e25d000000001a021d1f
6ab60d6e000000000e03f000,Mammoth Lakes宝藏波多黎各菜（Dos Alas）,原 HTML 引用,已读取并纳入,https://www.xiaohongshu.com/explore/6ab60d6e000000000e03f000
6a5cf026000000000f010004,第一次吃到这么生的牛排…（避雷）,原 HTML 引用,已读取并纳入,https://www.xiaohongshu.com/explore/6a5cf026000000000f010004
6a435152000000000e031400,Mammoth吃什么？一周实测餐厅红黑榜,原 HTML 引用,已读取并纳入,https://www.xiaohongshu.com/explore/6a435152000000000e031400
6ac50f290000000019038800,加州highway 395沿线的秋色（10/6）,原 HTML 引用,已读取并纳入,https://www.xiaohongshu.com/explore/6ac50f290000000019038800
6abfbda00000000018006927,395 Bishop Creek South Fork 已经Peak,原 HTML 引用,已读取并纳入,https://www.xiaohongshu.com/explore/6abfbda00000000018006927
6ac2f6cf000000001802f882,10.3 aspendell south lake 远超预期,原 HTML 引用,已读取并纳入,https://www.xiaohongshu.com/explore/6ac2f6cf000000001802f882
6ac17d8f000000001203d9c5,395 公路 10.3 Lake Sabrina 实况,原 HTML 引用,已读取并纳入,https://www.xiaohongshu.com/explore/6ac17d8f000000001203d9c5
6ac3454e000000001903b000,今年的395赶秋结束～,原 HTML 引用,已读取并纳入,https://www.xiaohongshu.com/explore/6ac3454e000000001903b000
6ac32978000000001b01f780,独属于395公路的秋日限定,原 HTML 引用,已读取并纳入,https://www.xiaohongshu.com/explore/6ac32978000000001b01f780
6abee437000000001303fe97,395公路上我最爱的两家餐厅（Schat's / Copper Top）,原 HTML 引用,已读取并纳入,https://www.xiaohongshu.com/explore/6abee437000000001303fe97
6ac5ddd1000000000b0056c2,395已进入最佳赏味期！附peak查询攻略,原 HTML 引用,已读取并纳入,https://www.xiaohongshu.com/explore/6ac5ddd1000000000b0056c2
6ac58bef000000001301b99b,395赏秋｜第四站 McGee Creek,原 HTML 引用,已读取并纳入,https://www.xiaohongshu.com/explore/6ac58bef000000001301b99b
6ac335c3000000001903b000,Hwy 395 赏秋hiking,原 HTML 引用,已读取并纳入,https://www.xiaohongshu.com/explore/6ac335c3000000001903b000
6ac06a8b0000000012039eae,加州395公路Day1我已想给到“夯”,原 HTML 引用,已读取并纳入,https://www.xiaohongshu.com/explore/6ac06a8b0000000012039eae
6ac5cfc90000000018039c29,395公路｜地球的裂缝Hot Creek,原 HTML 引用,已读取并纳入,https://www.xiaohongshu.com/explore/6ac5cfc90000000018039c29
6ab32e50000000001301af48,加州395公路| 油画般的Hot Creek,原 HTML 引用,已读取并纳入,https://www.xiaohongshu.com/explore/6ab32e50000000001301af48
6ab7f6a1000000000f03a002,猛犸湖及周边四天三夜参考,原 HTML 引用,已读取并纳入,https://www.xiaohongshu.com/explore/6ab7f6a1000000000f03a002
